Group1,Group2,Group3
NA,NA,49.30069692527256
NA,NA,NA
16.741154229155867,NA,NA
NA,40.153315528476405,49.30069692527256
